{
    "loss": 11.818897247314453,
    "accuracy": 0.5467625856399536
}