{
    "loss": 0.9383869767189026,
    "accuracy": 0.9136690497398376
}