{
    "loss": 8.124373435974121,
    "accuracy": 0.5035971403121948
}